iter	RMSE
0	0.681245825
1	0.6791785582
2	0.6774625529
3	0.6758805435
4	0.6744562097
5	0.6731958355
6	0.6721550457
7	0.6706436818
8	0.6698202361
9	0.6690618387
